step,T_MM,T_MM_geff,T_code,X_toe,X_glob,H,max_u,rho_min,rho_max,mass_drift
20,0.06324555,0.06061177,0.04472136,1.00000000,1.00000000,1.00000000,2.70450890e-01,1.06939137e-01,2.81902075e+00,8.79650139e-08
40,0.12649111,0.12122354,0.08944272,1.02500000,1.02500000,0.97500000,2.57324696e-01,1.05879642e-01,2.62626100e+00,1.75930028e-07
60,0.18973666,0.18183530,0.13416408,1.05000000,1.05000000,0.93750000,2.49902174e-01,1.05132684e-01,2.51332259e+00,5.27790083e-07
80,0.25298221,0.24244707,0.17888544,1.07500000,1.07500000,0.88750000,2.37024114e-01,1.04454212e-01,2.30046463e+00,7.03720111e-07
100,0.31622777,0.30305884,0.22360680,1.12500000,1.12500000,0.83750000,2.42257789e-01,1.03799969e-01,2.11901832e+00,7.91685125e-07
120,0.37947332,0.36367061,0.26832816,1.15000000,1.15000000,0.80000000,2.35724151e-01,1.03155412e-01,2.09686780e+00,9.67615152e-07
140,0.44271887,0.42428238,0.31304952,1.17500000,1.20000000,0.76250000,2.10071266e-01,1.01371519e-01,2.03152966e+00,1.23151019e-06
160,0.50596443,0.48489414,0.35777088,1.20000000,1.22500000,0.73750000,1.87455237e-01,1.01123117e-01,2.00210309e+00,1.40744022e-06
180,0.56920998,0.54550591,0.40249224,1.25000000,1.25000000,0.72500000,1.87456682e-01,1.01242766e-01,1.98465741e+00,1.58337025e-06
200,0.63245553,0.60611768,0.44721360,1.27500000,1.27500000,0.21250000,1.87920183e-01,1.00609101e-01,2.04171348e+00,1.84726529e-06
220,0.69570109,0.66672945,0.49193496,1.30000000,1.32500000,0.00000000,1.88120291e-01,9.99771506e-02,2.05839777e+00,2.02319532e-06
240,0.75894664,0.72734121,0.53665631,1.32500000,1.35000000,0.00000000,1.88126296e-01,9.93469432e-02,2.10947752e+00,2.19912535e-06
260,0.82219219,0.78795298,0.58137767,1.37500000,1.37500000,0.00000000,1.87713400e-01,9.87186804e-02,2.07897019e+00,2.28709036e-06
280,0.88543774,0.84856475,0.62609903,1.40000000,1.40000000,0.00000000,1.87530980e-01,9.80993733e-02,2.05137587e+00,2.55098540e-06
300,0.94868330,0.90917652,0.67082039,1.42500000,1.45000000,0.00000000,2.12648943e-01,9.75498110e-02,2.01041365e+00,2.63895042e-06
320,1.01192885,0.96978829,0.71554175,1.47500000,1.47500000,0.00000000,2.34853432e-01,9.72303897e-02,2.06944799e+00,2.81488044e-06
340,1.07517440,1.03040005,0.76026311,1.50000000,1.52500000,0.00000000,2.32599109e-01,9.72018093e-02,2.08982277e+00,2.99081047e-06
360,1.13841996,1.09101182,0.80498447,1.52500000,1.55000000,0.00000000,2.26970181e-01,9.71556231e-02,2.07303071e+00,3.16674050e-06
380,1.20166551,1.15162359,0.84970583,1.57500000,1.57500000,0.00000000,2.18124092e-01,9.67994034e-02,2.05237865e+00,3.43063554e-06
400,1.26491106,1.21223536,0.89442719,1.60000000,1.62500000,0.00000000,2.08539233e-01,9.69766155e-02,2.04100585e+00,3.51860055e-06
420,1.32815662,1.27284713,0.93914855,1.65000000,1.65000000,0.00000000,2.03106344e-01,9.70892608e-02,2.07632327e+00,3.69453058e-06
440,1.39140217,1.33345889,0.98386991,1.70000000,1.70000000,0.00000000,2.03786448e-01,9.72029269e-02,2.10493517e+00,3.95842562e-06
460,1.45464772,1.39407066,1.02859127,1.72500000,1.72500000,0.00000000,2.08334684e-01,9.66269821e-02,2.08425045e+00,4.04639064e-06
480,1.51789328,1.45468243,1.07331263,1.77500000,1.77500000,0.00000000,2.23623365e-01,9.58883390e-02,2.07774711e+00,4.31028568e-06
500,1.58113883,1.51529420,1.11803399,1.82500000,1.82500000,0.00000000,2.37813219e-01,9.53012481e-02,2.10493445e+00,4.39825069e-06
520,1.64438438,1.57590597,1.16275535,1.87500000,1.87500000,0.00000000,2.37834826e-01,9.49953794e-02,2.13229156e+00,4.66214573e-06
540,1.70762994,1.63651773,1.20747671,1.95000000,1.95000000,0.26250000,2.31897891e-01,9.49438661e-02,2.11964345e+00,4.83807576e-06
560,1.77087549,1.69712950,1.25219807,2.00000000,2.00000000,0.30000000,2.22598046e-01,9.50496346e-02,2.09027481e+00,4.92604078e-06
580,1.83412104,1.75774127,1.29691943,2.05000000,2.05000000,0.32500000,2.35692352e-01,9.52060670e-02,2.07882667e+00,5.10197080e-06
600,1.89736660,1.81835304,1.34164079,2.10000000,2.10000000,0.33750000,2.46641606e-01,9.53600928e-02,2.16456008e+00,5.36586584e-06
620,1.96061215,1.87896480,1.38636215,2.15000000,2.15000000,0.35000000,2.50995189e-01,9.55742449e-02,2.23123860e+00,5.45383086e-06
640,2.02385770,1.93957657,1.43108351,2.20000000,2.20000000,0.37500000,2.51239926e-01,9.60022584e-02,2.30548334e+00,5.62976089e-06
660,2.08710326,2.00018834,1.47580487,2.27500000,2.27500000,0.38750000,2.52444088e-01,9.67027918e-02,2.31165195e+00,5.80569091e-06
680,2.15034881,2.06080011,1.52052622,2.32500000,2.32500000,0.40000000,2.50078499e-01,9.74433571e-02,2.32674170e+00,6.06958596e-06
700,2.21359436,2.12141188,1.56524758,2.37500000,2.37500000,0.41250000,2.48343140e-01,9.78934318e-02,2.29948187e+00,6.24551598e-06
720,2.27683992,2.18202364,1.60996894,2.42500000,2.42500000,0.42500000,2.45748207e-01,9.79758352e-02,2.23415756e+00,6.33348100e-06
740,2.34008547,2.24263541,1.65469030,2.47500000,2.47500000,0.43750000,2.41371438e-01,9.78457555e-02,2.19247246e+00,6.59737604e-06
760,2.40333102,2.30324718,1.69941166,2.50000000,2.50000000,0.43750000,2.37941563e-01,9.76770744e-02,2.14682007e+00,6.77330607e-06
780,2.46657657,2.36385895,1.74413302,2.55000000,2.55000000,0.45000000,2.35779166e-01,9.75628272e-02,2.11820722e+00,6.86127108e-06
800,2.52982213,2.42447072,1.78885438,2.60000000,2.60000000,0.45000000,2.32433885e-01,9.75356847e-02,2.09551430e+00,7.12516612e-06
820,2.59306768,2.48508248,1.83357574,2.65000000,2.65000000,0.43750000,2.26076454e-01,9.76406112e-02,2.06778979e+00,7.30109615e-06
840,2.65631323,2.54569425,1.87829710,2.70000000,2.70000000,0.43750000,2.15840027e-01,9.79933813e-02,2.03923941e+00,7.47702618e-06
860,2.71955879,2.60630602,1.92301846,2.75000000,2.75000000,0.41250000,2.13665500e-01,9.86622050e-02,2.01584792e+00,7.65295621e-06
880,2.78280434,2.66691779,1.96773982,2.80000000,2.80000000,0.37500000,2.11908191e-01,9.94563326e-02,2.00207901e+00,7.91685125e-06
900,2.84604989,2.72752956,2.01246118,2.85000000,2.85000000,0.30000000,2.09768876e-01,1.00063398e-01,1.99588799e+00,7.91685125e-06
920,2.90929545,2.78814132,2.05718254,2.90000000,2.90000000,0.25000000,2.07973376e-01,9.91454497e-02,1.99193215e+00,8.26871130e-06
940,2.97254100,2.84875309,2.10190390,2.95000000,2.95000000,0.00000000,2.05872357e-01,9.77327004e-02,1.98878729e+00,8.35667632e-06
960,3.03578655,2.90936486,2.14662526,3.00000000,3.00000000,0.00000000,2.02900648e-01,9.63076875e-02,1.98614717e+00,8.53260634e-06
980,3.09903211,2.96997663,2.19134662,3.05000000,3.05000000,0.00000000,1.99488357e-01,9.50482115e-02,1.98522079e+00,8.70853637e-06
1000,3.16227766,3.03058839,2.23606798,3.10000000,3.10000000,0.00000000,1.96809530e-01,9.40954015e-02,1.98563910e+00,8.79650139e-06
1020,3.22552321,3.09120016,2.28078934,3.12500000,3.12500000,0.00000000,1.93277061e-01,9.34999362e-02,1.98816931e+00,9.06039643e-06
1040,3.28876877,3.15181193,2.32551070,3.17500000,3.17500000,0.00000000,1.90874577e-01,9.32156369e-02,1.99284780e+00,9.32429147e-06
1060,3.35201432,3.21242370,2.37023206,3.20000000,3.20000000,0.00000000,1.89580798e-01,9.31524783e-02,2.00010705e+00,9.50022150e-06
1080,3.41525987,3.27303547,2.41495342,3.25000000,3.25000000,0.00000000,2.04681799e-01,9.32452604e-02,2.01817560e+00,9.67615152e-06
1100,3.47850543,3.33364723,2.45967478,3.27500000,3.27500000,0.00000000,2.15415284e-01,9.34837610e-02,2.04347467e+00,9.85208155e-06
1120,3.54175098,3.39425900,2.50439613,3.32500000,3.32500000,0.00000000,2.18769446e-01,9.38958228e-02,2.06061459e+00,1.00280116e-05
1140,3.60499653,3.45487077,2.54911749,3.35000000,3.35000000,0.00000000,2.21016154e-01,9.45076570e-02,2.06888247e+00,1.02039416e-05
1160,3.66824209,3.51548254,2.59383885,3.40000000,3.40000000,0.00000000,2.21889034e-01,9.53086019e-02,2.06935096e+00,1.03798716e-05
1180,3.73148764,3.57609431,2.63856021,3.45000000,3.45000000,0.00000000,2.17593908e-01,9.62402821e-02,2.05550385e+00,1.04678366e-05
1200,3.79473319,3.63670607,2.68328157,3.47500000,3.47500000,0.00000000,2.11263984e-01,9.72164497e-02,2.04800653e+00,1.06437667e-05
1220,3.85797875,3.69731784,2.72800293,3.52500000,3.52500000,0.00000000,2.11600959e-01,9.78050679e-02,2.04317451e+00,1.08196967e-05
1240,3.92122430,3.75792961,2.77272429,3.57500000,3.57500000,0.00000000,2.07602128e-01,9.73428190e-02,2.03385258e+00,1.10835917e-05
1260,3.98446985,3.81854138,2.81744565,3.60000000,3.60000000,0.00000000,2.01028138e-01,9.68501419e-02,2.02490616e+00,1.13474868e-05
1280,4.04771541,3.87915315,2.86216701,3.65000000,3.65000000,0.15000000,1.99072286e-01,9.64056179e-02,2.01918793e+00,1.14354518e-05
1300,4.11096096,3.93976491,2.90688837,3.67500000,3.67500000,0.16250000,1.97911128e-01,9.60968658e-02,2.01569724e+00,1.16113818e-05
1320,4.17420651,4.00037668,2.95160973,3.72500000,3.72500000,0.17500000,1.96570098e-01,9.59625468e-02,2.02175021e+00,1.17873119e-05
1340,4.23745206,4.06098845,2.99633109,3.75000000,3.75000000,0.18750000,1.94255471e-01,9.59629864e-02,2.03046250e+00,1.20512069e-05
1360,4.30069762,4.12160022,3.04105245,3.77500000,3.77500000,0.18750000,1.95259377e-01,9.60122645e-02,2.03413749e+00,1.21391719e-05
1380,4.36394317,4.18221198,3.08577381,3.82500000,3.82500000,0.18750000,1.97304368e-01,9.60447863e-02,2.03339934e+00,1.23151019e-05
1400,4.42718872,4.24282375,3.13049517,3.85000000,3.85000000,0.18750000,1.95861802e-01,9.60630476e-02,2.02793527e+00,1.25789970e-05
1420,4.49043428,4.30343552,3.17521653,3.87500000,3.87500000,0.18750000,1.92782238e-01,9.61342901e-02,2.02009058e+00,1.26669620e-05
1440,4.55367983,4.36404729,3.21993789,3.90000000,3.90000000,0.18750000,1.89890817e-01,9.63288695e-02,2.01176715e+00,1.29308570e-05
1460,4.61692538,4.42465906,3.26465925,3.92500000,3.92500000,0.18750000,1.88070759e-01,9.66381729e-02,2.00445580e+00,1.30188220e-05
1480,4.68017094,4.48527082,3.30938061,3.97500000,3.97500000,0.17500000,1.89266071e-01,9.69605446e-02,2.00730157e+00,1.31947521e-05
1500,4.74341649,4.54588259,3.35410197,4.00000000,4.00000000,0.16250000,1.99174508e-01,9.71844569e-02,2.01904964e+00,1.33706821e-05
1520,4.80666204,4.60649436,3.39882333,4.02500000,4.02500000,0.15000000,2.05695659e-01,9.69412923e-02,2.03009939e+00,1.36345771e-05
1540,4.86990760,4.66710613,3.44354469,4.05000000,4.05000000,0.00000000,2.06670225e-01,9.61042419e-02,2.03395319e+00,1.37225422e-05
1560,4.93315315,4.72771790,3.48826604,4.07500000,4.07500000,0.00000000,2.02788383e-01,9.54494476e-02,2.02924466e+00,1.38984722e-05
1580,4.99639870,4.78832966,3.53298740,4.10000000,4.10000000,0.00000000,1.95385218e-01,9.49934945e-02,2.01807475e+00,1.42503322e-05
1600,5.05964426,4.84894143,3.57770876,4.15000000,4.15000000,0.00000000,1.87817082e-01,9.47261229e-02,2.00499916e+00,1.43382973e-05
