relpath,sha256_archive,source_path,sha256_match
NOTES.md,b0d6510f574432a389fb64b11c6c6e7606a207dfd08f0e0b9b19b12abbb19e39,/nfs/wangxi/runs/x_campaign_20261004/xa_rehab/NOTES.md,OK
archive_c1g2/README.md,40984fd15f7eab6f6221e2ec8e280f895724adf82a26cdd101a3598649ab8a43,/nfs/wangxi/runs/x_campaign_20261004/xa_rehab/archive_c1g2/README.md,OK
archive_c1g2/cg_reference.py,860726eb04a11fc23c11fdee6f10bda2858485109975624dfa927f54e922d1fd,/nfs/wangxi/runs/x_campaign_20261004/xa_rehab/archive_c1g2/cg_reference.py,OK
archive_c1g2/crosscheck_report.json,3ab7d8c0c27ad599fca174b3e1ab33a95f1c1d4cdba472e10c84d62ac60cd4c2,/nfs/wangxi/runs/x_campaign_20261004/xa_rehab/archive_c1g2/crosscheck_report.json,OK
archive_c1g2/result.json,e783d8f42d9ffa87811acc519a93eb70706526d240b890ae0a4a9ae97f261744,/nfs/wangxi/runs/x_campaign_20261004/xa_rehab/archive_c1g2/result.json,OK
ctrl/ctrl_x1_out_20261005.txt,ea9e2cf5789df7b759006ec5def139c459bc8cc78986231018dd014885138ce6,/nfs/wangxi/runs/x_campaign_20261004/xa_rehab/ctrl/ctrl_x1_out_20261005.txt,OK
ctrl/ctrl_xa3_out2_20261005.txt,bcf7a7facc41ff111069ee478d0b803ae1025d1aad3428eb8b0ef407e6dd380d,/nfs/wangxi/runs/x_campaign_20261004/xa_rehab/ctrl/ctrl_xa3_out2_20261005.txt,OK
ctrl/ctrl_xa3_out3_20261005.txt,10cc6df3aff3c6264a15ded5014cf1b7f3e5109a46bbff07ddf51564300ca776,/nfs/wangxi/runs/x_campaign_20261004/xa_rehab/ctrl/ctrl_xa3_out3_20261005.txt,OK
ctrl/ctrl_xa5_out_20261005.txt,834080d7876c2cbbe7e70a8cd8c062af97705ac550ad50315bcec93faddb6688,/nfs/wangxi/runs/x_campaign_20261004/xa_rehab/ctrl/ctrl_xa5_out_20261005.txt,OK
ctrl/prereg_md5.txt,3dcf1fd8851dd3db7ff45291b27276062419aca3bd5cbcaaa54aba2ff33302e1,/nfs/wangxi/runs/x_campaign_20261004/xa_rehab/ctrl/prereg_md5.txt,OK
x1_crossval/b2_ny100.log,7844f8b3e9f1653616e264de27685f80d9c02ad50f841c70b378879bba9148a1,/nfs/wangxi/runs/x_campaign_20261004/xa_rehab/x1_crossval/b2_ny100.log,OK
x1_crossval/b2_ny200.log,3d0b97408291e441bef05bdbbabcbdf7a9da7af482855387b0d996dd0b4db673,/nfs/wangxi/runs/x_campaign_20261004/xa_rehab/x1_crossval/b2_ny200.log,OK
x1_crossval/prereg.md,bc19d1f36e07c0d4963e96d1355dd6ada44ddf3b559b1a360ea3987c0fc4ada3,/nfs/wangxi/runs/x_campaign_20261004/xa_rehab/x1_crossval/prereg.md,OK
x1_crossval/run.log,ad2b1dcfe90e54b424098e4f56bf039114dcd3f6f4a40df0217be279ce100797,/nfs/wangxi/runs/x_campaign_20261004/xa_rehab/x1_crossval/run.log,OK
x1_crossval/ctrl/gpu5_snapshot_pre_bcac_20261005T091440Z.txt,74aae9129911d4bbb033433ff47c50e926776f61ca6bd5940e5d7f627b56b27c,/nfs/wangxi/runs/x_campaign_20261004/xa_rehab/x1_crossval/ctrl/gpu5_snapshot_pre_bcac_20261005T091440Z.txt,OK
x1_crossval/ctrl/gpu5_snapshot_pre_x1_20261005T090352Z.txt,691d988cba3fc297b804759079afd9a87b9ba9d18d33c3c18a3dc3be17b0ffc0,/nfs/wangxi/runs/x_campaign_20261004/xa_rehab/x1_crossval/ctrl/gpu5_snapshot_pre_x1_20261005T090352Z.txt,OK
x1_crossval/ctrl/p0_probe_cg_shear.json,c2310d6c4d7138a7b9c637a04e95f3ca28dd96285e06b194e73b6d1505bdae59,/nfs/wangxi/runs/x_campaign_20261004/xa_rehab/x1_crossval/ctrl/p0_probe_cg_shear.json,OK
x1_crossval/out/b2_a_ny100.json,7d9143979da47bca7e551c3da87e0dde626a29feb965d2ae4a8f4eb1d99fea45,/nfs/wangxi/runs/x_campaign_20261004/xa_rehab/x1_crossval/out/b2_a_ny100.json,OK
x1_crossval/out/b2_a_ny200.json,f05056bfb843abc07222dc4c7e340fcb12a422b8816fbde0989444884f69d254,/nfs/wangxi/runs/x_campaign_20261004/xa_rehab/x1_crossval/out/b2_a_ny200.json,OK
x1_crossval/out/b_cg_poiseuille.json,3f9abc40586d5b9b08b6d1eb7db7fa0424e7a7d8fcac1e4a2d6a4412c8b26e48,/nfs/wangxi/runs/x_campaign_20261004/xa_rehab/x1_crossval/out/b_cg_poiseuille.json,OK
x1_crossval/out/x1_attribution_table.md,50995549eca40051653c457f3d6594f09efbd6097eed373ba9ae0eec961d47d8,/nfs/wangxi/runs/x_campaign_20261004/xa_rehab/x1_crossval/out/x1_attribution_table.md,OK
x1_crossval/out/x1_crossval.json,82902adbcea8e9a4cae50caf7edfa3ef99749bba238127923dd20596acd09561,/nfs/wangxi/runs/x_campaign_20261004/xa_rehab/x1_crossval/out/x1_crossval.json,OK
xa2_m2g2_noise/prereg.md,a57c6bdf9976e1d31e6381be77cb05ef439a0a0168350a5144ac670f939152ea,/nfs/wangxi/runs/x_campaign_20261004/xa_rehab/xa2_m2g2_noise/prereg.md,OK
xa2_m2g2_noise/run.log,651e3a957ae1f1b4daaa8eff88aed9ab2c1d7d29f4acef2775460f7ba8751024,/nfs/wangxi/runs/x_campaign_20261004/xa_rehab/xa2_m2g2_noise/run.log,OK
xa2_m2g2_noise/ctrl/ctrl_xa2_out_20261005.txt,6c0ce8cfe0fd520fef52cd70b35283c95ace31df0c3c8484b60c3452978706b9,/nfs/wangxi/runs/x_campaign_20261004/xa_rehab/xa2_m2g2_noise/ctrl/ctrl_xa2_out_20261005.txt,OK
xa2_m2g2_noise/ctrl/gpu6_snapshot_20261004T060902Z.txt,48ac75758bcda6248e1aca7267f390fb4ce8e1f5a6bfb35316e3bd90a33313ca,/nfs/wangxi/runs/x_campaign_20261004/xa_rehab/xa2_m2g2_noise/ctrl/gpu6_snapshot_20261004T060902Z.txt,OK
xa2_m2g2_noise/out/sphere_N096_R12_ext.json,10fb2a6130497423c1a4bf2930ae626e4da8b677241b3a75267d6bf2831994c3,/nfs/wangxi/runs/x_campaign_20261004/xa_rehab/xa2_m2g2_noise/out/sphere_N096_R12_ext.json,OK
xa2_m2g2_noise/out/sphere_N096_R16_ext.json,8422ba4441ba2f539e9cab26fbe145da8211a080043f74948e51c9e4bbd07579,/nfs/wangxi/runs/x_campaign_20261004/xa_rehab/xa2_m2g2_noise/out/sphere_N096_R16_ext.json,OK
xa2_m2g2_noise/out/sphere_N096_R21_ext.json,9d72afb7d04440ccd47e0210d18091397f440fd4fb0ee13aae30ea89472eec70,/nfs/wangxi/runs/x_campaign_20261004/xa_rehab/xa2_m2g2_noise/out/sphere_N096_R21_ext.json,OK
xa2_m2g2_noise/out/sphere_N144_R18_ext.json,9bd987589d18a1b27499a2f02152ab42c63fcd01843d84148b516967cb54778e,/nfs/wangxi/runs/x_campaign_20261004/xa_rehab/xa2_m2g2_noise/out/sphere_N144_R18_ext.json,OK
xa2_m2g2_noise/out/sphere_N144_R24_ext.json,78c7f96c10e38a565f25d933fc6fe7eded9ace558ec4d2ef156310c98b644564,/nfs/wangxi/runs/x_campaign_20261004/xa_rehab/xa2_m2g2_noise/out/sphere_N144_R24_ext.json,OK
xa2_m2g2_noise/out/sphere_N144_R32_ext.json,969ba10e1a386d226a44c592fd1d253068d9559f6d52296157b4c9bcce1426f0,/nfs/wangxi/runs/x_campaign_20261004/xa_rehab/xa2_m2g2_noise/out/sphere_N144_R32_ext.json,OK
xa2_m2g2_noise/out/sphere_N192_R24_ext.json,c861a52b08d780d64390364fe4e395b7258f4b1882475be52243e1abdca05f2c,/nfs/wangxi/runs/x_campaign_20261004/xa_rehab/xa2_m2g2_noise/out/sphere_N192_R24_ext.json,OK
xa2_m2g2_noise/out/sphere_N192_R32_ext.json,407fa21c68717a20d32b5d6d38c9f310b3695d6565ea503914635da067b1927a,/nfs/wangxi/runs/x_campaign_20261004/xa_rehab/xa2_m2g2_noise/out/sphere_N192_R32_ext.json,OK
xa2_m2g2_noise/out/sphere_N192_R43_ext.json,c36a8676e98a58634057e4b93532a1559791a6c21a2a24decff7a6ca08c75dd3,/nfs/wangxi/runs/x_campaign_20261004/xa_rehab/xa2_m2g2_noise/out/sphere_N192_R43_ext.json,OK
xa2_m2g2_noise/out/xa2_judgment.json,63df8b93e55766c82548f0318c3ea24214a093e60ed997fdc2d17878d4ba3f61,/nfs/wangxi/runs/x_campaign_20261004/xa_rehab/xa2_m2g2_noise/out/xa2_judgment.json,OK
xa3_t2_sigma/prereg.md,276313ededca9cd39fbfcae0749b0425526ab2da10190e74b1988279dc50c27b,/nfs/wangxi/runs/x_campaign_20261004/xa_rehab/xa3_t2_sigma/prereg.md,OK
xa3_t2_sigma/rerun_R24_mu045_W.log,34ff875aa9c27f14690751372bb00090e0e1db22adfabcc12e66ba62ef6cdd63,/nfs/wangxi/runs/x_campaign_20261004/xa_rehab/xa3_t2_sigma/rerun_R24_mu045_W.log,OK
xa3_t2_sigma/rerun_R32_W.log,203a45adc02f6d4a6b805d350029041ef98a4650588bcb329b5b33f14f7ab850,/nfs/wangxi/runs/x_campaign_20261004/xa_rehab/xa3_t2_sigma/rerun_R32_W.log,OK
xa3_t2_sigma/run.log,eed8cc61d301f47d15a5cbab28e543bcfe8ad10cdcfd65b41e6f4d82d947af54,/nfs/wangxi/runs/x_campaign_20261004/xa_rehab/xa3_t2_sigma/run.log,OK
xa3_t2_sigma/ctrl/gpu5_snapshot_pre_w_rerun_R24mu045_20261005T082440Z.txt,4404cf2bab93bf876a0b058c246d61396b7a5bc635fa4eaad9cd4f0415af5241,/nfs/wangxi/runs/x_campaign_20261004/xa_rehab/xa3_t2_sigma/ctrl/gpu5_snapshot_pre_w_rerun_R24mu045_20261005T082440Z.txt,OK
xa3_t2_sigma/ctrl/gpu5_snapshot_pre_w_rerun_R32_20261005T074920Z.txt,8da2d2b7fd849360e562da50fd74c8eb0a35ac02a230631f2580c8c426e5d726,/nfs/wangxi/runs/x_campaign_20261004/xa_rehab/xa3_t2_sigma/ctrl/gpu5_snapshot_pre_w_rerun_R32_20261005T074920Z.txt,OK
xa3_t2_sigma/ctrl/gpu6_snapshot_pre_xa3_20261005T024316Z.txt,8dff3bba3533fb6783d7b68cc155605a76942e3e0dced7230e510acd40646052,/nfs/wangxi/runs/x_campaign_20261004/xa_rehab/xa3_t2_sigma/ctrl/gpu6_snapshot_pre_xa3_20261005T024316Z.txt,OK
xa3_t2_sigma/ctrl/gpu6_snapshot_pre_xa3_20261005T053931Z.txt,33dcf1d2db1282bcd0cb8756eced3cfe7c033d6e4521dcbddcd2b5d592d536df,/nfs/wangxi/runs/x_campaign_20261004/xa_rehab/xa3_t2_sigma/ctrl/gpu6_snapshot_pre_xa3_20261005T053931Z.txt,OK
xa3_t2_sigma/ctrl/xa3_inventory_20261005.json,f5472876b7de42120982230e7101a0fbecbdd50e1c5800dcf6969300a7986cef,/nfs/wangxi/runs/x_campaign_20261004/xa_rehab/xa3_t2_sigma/ctrl/xa3_inventory_20261005.json,OK
xa3_t2_sigma/ctrl/xa3_queue.log,b050367712354b8145b1396aa548dbf30bf9e9e6d5bfdec384dcce29c7cfe93d,/nfs/wangxi/runs/x_campaign_20261004/xa_rehab/xa3_t2_sigma/ctrl/xa3_queue.log,OK
xa3_t2_sigma/ctrl/xa3_queue_watcher.sh,4a8b7ef2a67ae02de51605cf1a1c8e5dbe453047d276c5e9f4a6699243ea16f2,/nfs/wangxi/runs/x_campaign_20261004/xa_rehab/xa3_t2_sigma/ctrl/xa3_queue_watcher.sh,OK
xa3_t2_sigma/out/xa3_judgment.json,69216c709dd796f8b1e94b801937ac1441353e2db7854de3644bac417c8cf2c2,/nfs/wangxi/runs/x_campaign_20261004/xa_rehab/xa3_t2_sigma/out/xa3_judgment.json,OK
xa3_t2_sigma/out/xa3_selftest_stp_R16_P.json,aa4f7ee1a4f2b70a2d05f314a21b7afda3f12676286f17e383b6971cc4a74973,/nfs/wangxi/runs/x_campaign_20261004/xa_rehab/xa3_t2_sigma/out/xa3_selftest_stp_R16_P.json,OK
xa3_t2_sigma/out/xa3_selftest_stp_R16_W.json,11dc65e82cb5eb1e952a942a1ba2c5e685d985b9f05e0183a3ce7d9d2ec05458,/nfs/wangxi/runs/x_campaign_20261004/xa_rehab/xa3_t2_sigma/out/xa3_selftest_stp_R16_W.json,OK
xa3_t2_sigma/out/xa3_selftest_stp_R16_b8_P.json,73685527b0a5f2ac7b4e031ea6278776d4cab84ced41e7307a303632c1a726ef,/nfs/wangxi/runs/x_campaign_20261004/xa_rehab/xa3_t2_sigma/out/xa3_selftest_stp_R16_b8_P.json,OK
xa3_t2_sigma/out/xa3_selftest_stp_R16_b8_W.json,5bf3e40123e9929e45af661bdf60b5ac4683765f7eeb10c8821dbdb334757785,/nfs/wangxi/runs/x_campaign_20261004/xa_rehab/xa3_t2_sigma/out/xa3_selftest_stp_R16_b8_W.json,OK
xa3_t2_sigma/out/xa3_selftest_stp_R24_P.json,93236c540630e7501bac43fdfff4da3fae18125005ad327a339f213405f82ece,/nfs/wangxi/runs/x_campaign_20261004/xa_rehab/xa3_t2_sigma/out/xa3_selftest_stp_R24_P.json,OK
xa3_t2_sigma/out/xa3_selftest_stp_R24_W.json,e832954af387c3d2c907f66196f5264181755e27930426925e660924a4ca2f24,/nfs/wangxi/runs/x_campaign_20261004/xa_rehab/xa3_t2_sigma/out/xa3_selftest_stp_R24_W.json,OK
xa3_t2_sigma/out/xa3_selftest_stp_R24_mu045_P.json,01600b19e7c43dde66818d19b7059e68cd908ac1ad70f540103ef09678f489b9,/nfs/wangxi/runs/x_campaign_20261004/xa_rehab/xa3_t2_sigma/out/xa3_selftest_stp_R24_mu045_P.json,OK
xa3_t2_sigma/out/xa3_selftest_stp_R24_mu045_W.json,e2451143f7b6706878c7cbe4de8a86757f31b795908d89ad1e86c272aaa5d737,/nfs/wangxi/runs/x_campaign_20261004/xa_rehab/xa3_t2_sigma/out/xa3_selftest_stp_R24_mu045_W.json,OK
xa3_t2_sigma/out/xa3_selftest_stp_R32_P.json,41f7190eef51cf52ba185edfd8bcc5c252a2f371f9db5e76e46047ca5b3ddb0c,/nfs/wangxi/runs/x_campaign_20261004/xa_rehab/xa3_t2_sigma/out/xa3_selftest_stp_R32_P.json,OK
xa3_t2_sigma/out/xa3_selftest_stp_R32_W.json,86a2a20ab42fb8dccfcbc1f815f74a4805d74037291be3dd52e86f37ae33e53e,/nfs/wangxi/runs/x_campaign_20261004/xa_rehab/xa3_t2_sigma/out/xa3_selftest_stp_R32_W.json,OK
xa4_m7_servo/prereg.md,09d31328a457f6719018f3bb0a375e25303494091dc4114760396509ff0c00c4,/nfs/wangxi/runs/x_campaign_20261004/xa_rehab/xa4_m7_servo/prereg.md,OK
xa4_m7_servo/run.log,303975a93766a339f8bfd4c40cb0880eb6a0f73db87c7349c30a0a3477fe312f,/nfs/wangxi/runs/x_campaign_20261004/xa_rehab/xa4_m7_servo/run.log,OK
xa4_m7_servo/ctrl/ctrl_xa4_out_20261005.txt,28085db938971a661af04890a437981e915898debfab89a08a2ede16447eb04c,/nfs/wangxi/runs/x_campaign_20261004/xa_rehab/xa4_m7_servo/ctrl/ctrl_xa4_out_20261005.txt,OK
xa4_m7_servo/out/servo_ca010_R67.json,8cd7d26370f3d92846456a6fa352f4a4e6f86070226a314a1d825791eba79d2a,/nfs/wangxi/runs/x_campaign_20261004/xa_rehab/xa4_m7_servo/out/servo_ca010_R67.json,OK
xa4_m7_servo/out/xa4_judgment.json,a1c82fa360afa611d30e38cb9fb038340dcf9ada90286f36077a038c4f0df0c8,/nfs/wangxi/runs/x_campaign_20261004/xa_rehab/xa4_m7_servo/out/xa4_judgment.json,OK
xa5_cg_beta/prereg.md,7b3e0dbfaf3243e4d5a0af2ba769900d01a603b8966cc17ca5551f9635fa72c4,/nfs/wangxi/runs/x_campaign_20261004/xa_rehab/xa5_cg_beta/prereg.md,OK
xa5_cg_beta/run.log,d006adc23834fff742e7a987fa560a48dcd667c553848578fafda16eee77231d,/nfs/wangxi/runs/x_campaign_20261004/xa_rehab/xa5_cg_beta/run.log,OK
xa5_cg_beta/ctrl/gpu5_snapshot_pre_xa5_20261005T072830Z.txt,a6d4115a94de9f7adea0dad1539898cb1eabe7f6edf33ca7dc9d67eea72e6e9b,/nfs/wangxi/runs/x_campaign_20261004/xa_rehab/xa5_cg_beta/ctrl/gpu5_snapshot_pre_xa5_20261005T072830Z.txt,OK
xa5_cg_beta/out/scan_128_20_beta0.5.json,d01d1e3fbbdee4e75c37ccd144895e35bd47407358be6245842317ea229c18e3,/nfs/wangxi/runs/x_campaign_20261004/xa_rehab/xa5_cg_beta/out/scan_128_20_beta0.5.json,OK
xa5_cg_beta/out/scan_128_20_beta0.6.json,9c6a90fa2791d3640f6109b5f7f8f29377fc038bb122633898c36141c04fe1cb,/nfs/wangxi/runs/x_campaign_20261004/xa_rehab/xa5_cg_beta/out/scan_128_20_beta0.6.json,OK
xa5_cg_beta/out/scan_128_20_beta0.7.json,70f4e856b4b8d2711830edc267a1a17322195c55e477e38cad6402021c7d82be,/nfs/wangxi/runs/x_campaign_20261004/xa_rehab/xa5_cg_beta/out/scan_128_20_beta0.7.json,OK
xa5_cg_beta/out/scan_128_20_beta0.8.json,68e52ceca5ba6b7799c70bb910c6e926ed63856c0d0ed9ca0f055e4ad8906e0f,/nfs/wangxi/runs/x_campaign_20261004/xa_rehab/xa5_cg_beta/out/scan_128_20_beta0.8.json,OK
xa5_cg_beta/out/scan_128_20_beta0.9.json,0176b3a1b6903b3a8ee480dc45d5ee354877c891075a50928a6d4527da9e24c4,/nfs/wangxi/runs/x_campaign_20261004/xa_rehab/xa5_cg_beta/out/scan_128_20_beta0.9.json,OK
xa5_cg_beta/out/scan_128_25_beta0.5.json,9206918cf6a8d9ced7c91598b2e88171d879c15aef4a2081be3140f67a11ca40,/nfs/wangxi/runs/x_campaign_20261004/xa_rehab/xa5_cg_beta/out/scan_128_25_beta0.5.json,OK
xa5_cg_beta/out/scan_128_25_beta0.6.json,01e489d04eb40f83d48c852cf612d16653a2c8af79070040e085eb370c53027e,/nfs/wangxi/runs/x_campaign_20261004/xa_rehab/xa5_cg_beta/out/scan_128_25_beta0.6.json,OK
xa5_cg_beta/out/scan_128_25_beta0.7.json,f0752b5da102b58eaaa1d5281ddfd8cea8a2279ac1141e41b0a766df571c3305,/nfs/wangxi/runs/x_campaign_20261004/xa_rehab/xa5_cg_beta/out/scan_128_25_beta0.7.json,OK
xa5_cg_beta/out/scan_128_25_beta0.8.json,5a9a2408b05bd14df8231c85cea966839ec49c5198996d39a77408473827d600,/nfs/wangxi/runs/x_campaign_20261004/xa_rehab/xa5_cg_beta/out/scan_128_25_beta0.8.json,OK
xa5_cg_beta/out/scan_128_25_beta0.9.json,34488214287e94a3f4fd295c6b00000ec18dd71ba5fdbf143d842bb994e26771,/nfs/wangxi/runs/x_campaign_20261004/xa_rehab/xa5_cg_beta/out/scan_128_25_beta0.9.json,OK
xa5_cg_beta/out/scan_128_30_beta0.5.json,9e56707fad4173f90aaf29404815546c0e436b39c03ddb13580885777dd13699,/nfs/wangxi/runs/x_campaign_20261004/xa_rehab/xa5_cg_beta/out/scan_128_30_beta0.5.json,OK
xa5_cg_beta/out/scan_128_30_beta0.6.json,c5c37d6dc08a1e808624e9f8036e8dbb244a84202719444b877912e9bd24469f,/nfs/wangxi/runs/x_campaign_20261004/xa_rehab/xa5_cg_beta/out/scan_128_30_beta0.6.json,OK
xa5_cg_beta/out/scan_128_30_beta0.7.json,43ebe6a1319f63d6c7839f97d46ad06c1cdac9973871047cbb69eedec1f17ef9,/nfs/wangxi/runs/x_campaign_20261004/xa_rehab/xa5_cg_beta/out/scan_128_30_beta0.7.json,OK
xa5_cg_beta/out/scan_128_30_beta0.8.json,99534e7e7c87e0bf75739fb066324a74787a52c1e93623949a7c75a9c2e49fdc,/nfs/wangxi/runs/x_campaign_20261004/xa_rehab/xa5_cg_beta/out/scan_128_30_beta0.8.json,OK
xa5_cg_beta/out/scan_128_30_beta0.9.json,963e6a3367fbd80dab910e6fe550bd0d7e05b2778e00fa9d92f5f5cd7462e174,/nfs/wangxi/runs/x_campaign_20261004/xa_rehab/xa5_cg_beta/out/scan_128_30_beta0.9.json,OK
xa5_cg_beta/out/scan_128_40_beta0.5.json,8768590cf8a5eed5166ea604784263a6dacf7278afa43cac9219267a4f247197,/nfs/wangxi/runs/x_campaign_20261004/xa_rehab/xa5_cg_beta/out/scan_128_40_beta0.5.json,OK
xa5_cg_beta/out/scan_128_40_beta0.6.json,a66601a5558ab2012e3612c4e0c0cad8e2e9a3913357f8151baba6b046b2b422,/nfs/wangxi/runs/x_campaign_20261004/xa_rehab/xa5_cg_beta/out/scan_128_40_beta0.6.json,OK
xa5_cg_beta/out/scan_128_40_beta0.7.json,0db176e99b34dd70abe9ba28470896a7e86d31a5ad361d89a814f8df38a191ce,/nfs/wangxi/runs/x_campaign_20261004/xa_rehab/xa5_cg_beta/out/scan_128_40_beta0.7.json,OK
xa5_cg_beta/out/scan_128_40_beta0.8.json,aab7743036fe3057ba0de42c0b6f019b194f1a6d362cd2a8eede002344d50398,/nfs/wangxi/runs/x_campaign_20261004/xa_rehab/xa5_cg_beta/out/scan_128_40_beta0.8.json,OK
xa5_cg_beta/out/scan_128_40_beta0.9.json,749c4a8704320a8caba79fb75a88c8870753bd237e2338ba16267e5a694d92ea,/nfs/wangxi/runs/x_campaign_20261004/xa_rehab/xa5_cg_beta/out/scan_128_40_beta0.9.json,OK
xa5_cg_beta/out/scan_200_20_beta0.5.json,41085ea67d40976cb4c9724ff8efd68909e2b8eb9b54700596a45a71438fe378,/nfs/wangxi/runs/x_campaign_20261004/xa_rehab/xa5_cg_beta/out/scan_200_20_beta0.5.json,OK
xa5_cg_beta/out/scan_200_20_beta0.6.json,33280e7cb507655f16d4da7df766178d663ed4b39bd21c3b1c09a0907ee157fa,/nfs/wangxi/runs/x_campaign_20261004/xa_rehab/xa5_cg_beta/out/scan_200_20_beta0.6.json,OK
xa5_cg_beta/out/scan_200_20_beta0.7.json,ebe9e8eefe244210b4fc55cfca045f64963b39c96bca24cd0bbb81c3ded66a4a,/nfs/wangxi/runs/x_campaign_20261004/xa_rehab/xa5_cg_beta/out/scan_200_20_beta0.7.json,OK
xa5_cg_beta/out/scan_200_20_beta0.8.json,ca2c5574b36be4b8298a5eb01a66979f13e23009a12a9455a650a341fc71b2ea,/nfs/wangxi/runs/x_campaign_20261004/xa_rehab/xa5_cg_beta/out/scan_200_20_beta0.8.json,OK
xa5_cg_beta/out/scan_200_20_beta0.9.json,02d19d600bdaf53c693d30af174f77ebdd24839b7b07ab8aa349b5380ba8dad3,/nfs/wangxi/runs/x_campaign_20261004/xa_rehab/xa5_cg_beta/out/scan_200_20_beta0.9.json,OK
xa5_cg_beta/out/scan_200_25_beta0.5.json,af30610ba6a4b241757532f3217a8c076127289d8b865abc59cad332b85edd42,/nfs/wangxi/runs/x_campaign_20261004/xa_rehab/xa5_cg_beta/out/scan_200_25_beta0.5.json,OK
xa5_cg_beta/out/scan_200_25_beta0.6.json,6a89a6a8ced53834498c450c24fb163f774467da910f9e5de3e95f6efeb148d5,/nfs/wangxi/runs/x_campaign_20261004/xa_rehab/xa5_cg_beta/out/scan_200_25_beta0.6.json,OK
xa5_cg_beta/out/scan_200_25_beta0.7.json,80ab49bd57adfdc266cbd9b70a1e731496a3146b74180d245ae93eed5b2b606c,/nfs/wangxi/runs/x_campaign_20261004/xa_rehab/xa5_cg_beta/out/scan_200_25_beta0.7.json,OK
xa5_cg_beta/out/scan_200_25_beta0.8.json,fd1f14660094929ea1fb375e879d40d4c2ec53d249e31a3bacb44a99958795b6,/nfs/wangxi/runs/x_campaign_20261004/xa_rehab/xa5_cg_beta/out/scan_200_25_beta0.8.json,OK
xa5_cg_beta/out/scan_200_25_beta0.9.json,d3fc5426e33aa22ec80d6f3c319a21158f2619cac5a208ee8b5e75415c03932e,/nfs/wangxi/runs/x_campaign_20261004/xa_rehab/xa5_cg_beta/out/scan_200_25_beta0.9.json,OK
xa5_cg_beta/out/scan_200_30_beta0.5.json,05825e670a78bfb68de910269f26f3b4b7bf3124ab4e782be49a9c7a29d40459,/nfs/wangxi/runs/x_campaign_20261004/xa_rehab/xa5_cg_beta/out/scan_200_30_beta0.5.json,OK
xa5_cg_beta/out/scan_200_30_beta0.6.json,a630743424e92685ee93a402c81218c75b7b83f0e523b4782fc7bad425b7b587,/nfs/wangxi/runs/x_campaign_20261004/xa_rehab/xa5_cg_beta/out/scan_200_30_beta0.6.json,OK
xa5_cg_beta/out/scan_200_30_beta0.7.json,a058df58c8225514a7837fafdfb20a760d15fce1141b4024024d6f96319da857,/nfs/wangxi/runs/x_campaign_20261004/xa_rehab/xa5_cg_beta/out/scan_200_30_beta0.7.json,OK
xa5_cg_beta/out/scan_200_30_beta0.8.json,00332c88b2c8d252f3be917d022c606de881d3468f7d645190cf23b25062d2e7,/nfs/wangxi/runs/x_campaign_20261004/xa_rehab/xa5_cg_beta/out/scan_200_30_beta0.8.json,OK
xa5_cg_beta/out/scan_200_30_beta0.9.json,437cb1b188a9144f57fba3297e2347f8b13aba31109cf77ad19727b5c3b1b13d,/nfs/wangxi/runs/x_campaign_20261004/xa_rehab/xa5_cg_beta/out/scan_200_30_beta0.9.json,OK
xa5_cg_beta/out/scan_200_40_beta0.5.json,259a328124c38b791fcab99d0bdb30277b631627e802471a788f9274524f6e0d,/nfs/wangxi/runs/x_campaign_20261004/xa_rehab/xa5_cg_beta/out/scan_200_40_beta0.5.json,OK
xa5_cg_beta/out/scan_200_40_beta0.6.json,101272a96f944d7e97142ebef8d4efa2fed1c74df3ca1b94f7cecd857803fcde,/nfs/wangxi/runs/x_campaign_20261004/xa_rehab/xa5_cg_beta/out/scan_200_40_beta0.6.json,OK
xa5_cg_beta/out/scan_200_40_beta0.7.json,47dafb0f51b1328028ee78153e8df43de990b963e7da7c1d38386360160a17b8,/nfs/wangxi/runs/x_campaign_20261004/xa_rehab/xa5_cg_beta/out/scan_200_40_beta0.7.json,OK
xa5_cg_beta/out/scan_200_40_beta0.8.json,93f11df743d6963f24eda2b0b8a6e48c30138856537df00aed3e18ded9dda048,/nfs/wangxi/runs/x_campaign_20261004/xa_rehab/xa5_cg_beta/out/scan_200_40_beta0.8.json,OK
xa5_cg_beta/out/scan_200_40_beta0.9.json,7f3be3a52c6a6c87f067bb8ef27df80afa83649ef201e22aaa36542fb8fbb0a2,/nfs/wangxi/runs/x_campaign_20261004/xa_rehab/xa5_cg_beta/out/scan_200_40_beta0.9.json,OK
xa5_cg_beta/out/xa5_judgment.json,5a7abf4191b851f5421cc5140a085a916a95d8ae0226cf69be57d9dc2f396338,/nfs/wangxi/runs/x_campaign_20261004/xa_rehab/xa5_cg_beta/out/xa5_judgment.json,OK
