step,T_raw,T_eff,X_toe,X_glob,H,max_u,rho_min,rho_max,mass_drift
25,0.03952847,0.03788235,1.00000000,1.00000000,0.99375000,6.86500192e-01,1.06584184e-01,2.75109315e+00,0.00000000e+00
50,0.07905694,0.07576471,1.01250000,1.01250000,0.98125000,2.54983187e-01,1.05492547e-01,2.59744620e+00,7.07751650e-07
75,0.11858541,0.11364706,1.02500000,1.02500000,0.95000000,6.87631726e-01,1.04621492e-01,2.51696801e+00,8.84689562e-07
100,0.15811388,0.15152942,1.05000000,1.05000000,0.91250000,2.51762599e-01,1.03799969e-01,2.50805712e+00,9.73158519e-07
125,0.19764235,0.18941177,1.05000000,1.05000000,0.86250000,6.88596606e-01,1.02995418e-01,2.36653566e+00,1.15009643e-06
150,0.23717082,0.22729413,1.06250000,1.06250000,0.81875000,2.45346665e-01,1.02196462e-01,2.28468633e+00,1.32703434e-06
175,0.27669930,0.26517648,1.07500000,1.07500000,0.76875000,6.89545751e-01,1.01401582e-01,2.20214343e+00,1.68091017e-06
200,0.31622777,0.30305884,1.10000000,1.10000000,0.73125000,2.46587381e-01,1.00609109e-01,2.14102960e+00,1.76937912e-06
225,0.35575624,0.34094119,1.12500000,1.12500000,0.70625000,6.90270722e-01,9.98195261e-02,2.11633658e+00,1.94631704e-06
250,0.39528471,0.37882355,1.13750000,1.13750000,0.66875000,2.31727391e-01,9.90324840e-02,2.12937999e+00,2.30019286e-06
275,0.43481318,0.41670590,1.16250000,1.16250000,0.64375000,6.92330599e-01,9.74453241e-02,2.13015199e+00,2.47713077e-06
300,0.47434165,0.45458826,1.18750000,1.18750000,0.63125000,2.33738318e-01,9.60402861e-02,2.12664938e+00,2.65406869e-06
325,0.51387012,0.49247061,1.21250000,1.21250000,0.63750000,6.92810655e-01,9.58861634e-02,2.13941932e+00,2.83100660e-06
350,0.55339859,0.53035297,1.23750000,1.23750000,0.63750000,2.33864903e-01,9.59158763e-02,2.13270593e+00,3.09641347e-06
375,0.59292706,0.56823532,1.27500000,1.27500000,0.63125000,6.92860723e-01,9.51455534e-02,2.11783767e+00,3.36182034e-06
400,0.63245553,0.60611768,1.30000000,1.30000000,0.33125000,2.27215201e-01,9.43789631e-02,2.11016035e+00,3.62722721e-06
425,0.67198400,0.64400003,1.32500000,1.32500000,0.30625000,6.93868935e-01,9.36164036e-02,2.10315561e+00,3.89263407e-06
450,0.71151247,0.68188239,1.36250000,1.36250000,0.28125000,2.33604908e-01,9.28579196e-02,2.11966181e+00,3.98110303e-06
475,0.75104094,0.71976474,1.38750000,1.38750000,0.27500000,6.94874048e-01,9.21036899e-02,2.13556194e+00,4.24650990e-06
500,0.79056942,0.75764710,1.42500000,1.42500000,0.28750000,2.41285264e-01,9.13536921e-02,2.15649438e+00,4.42344781e-06
525,0.83009789,0.79552945,1.46250000,1.46250000,0.31250000,6.95702195e-01,9.06081349e-02,2.19523668e+00,4.68885468e-06
550,0.86962636,0.83341181,1.51250000,1.51250000,0.34375000,2.46157601e-01,8.98670107e-02,2.23850298e+00,4.77732364e-06
575,0.90915483,0.87129416,1.55000000,1.55000000,0.36875000,6.96289718e-01,8.91304314e-02,2.25568008e+00,5.04273051e-06
600,0.94868330,0.90917652,1.60000000,1.60000000,0.39375000,2.45767236e-01,8.83989632e-02,2.24937725e+00,5.30813737e-06
625,0.98821177,0.94705887,1.63750000,1.63750000,0.41875000,6.96817517e-01,8.76771212e-02,2.27348590e+00,5.39660633e-06
650,1.02774024,0.98494123,1.68750000,1.68750000,0.45625000,2.48089239e-01,8.69866982e-02,2.37720180e+00,5.75048216e-06
675,1.06726871,1.02282358,1.72500000,1.72500000,0.50000000,6.97163761e-01,8.63837153e-02,2.36982155e+00,5.83895111e-06
700,1.10679718,1.06070594,1.77500000,1.77500000,0.50625000,2.48421997e-01,8.59374478e-02,2.34373641e+00,6.01588902e-06
725,1.14632565,1.09858829,1.82500000,1.82500000,0.51250000,6.97999060e-01,8.56637806e-02,2.33503556e+00,6.28129589e-06
750,1.18585412,1.13647065,1.86250000,1.86250000,0.51875000,2.49600038e-01,8.55099782e-02,2.34693766e+00,6.45823381e-06
775,1.22538259,1.17435300,1.91250000,1.91250000,0.52500000,6.98899806e-01,8.54401290e-02,2.36711502e+00,6.63517172e-06
800,1.26491106,1.21223536,1.96250000,1.96250000,0.53125000,2.50960648e-01,8.54606926e-02,2.36821175e+00,6.90057859e-06
825,1.30443953,1.25011771,2.01250000,2.01250000,0.53750000,6.99154794e-01,8.54142159e-02,2.37682843e+00,7.25445441e-06
850,1.34396801,1.28800007,2.05000000,2.05000000,0.53750000,2.54699886e-01,8.55710581e-02,2.37367606e+00,7.43139232e-06
875,1.38349648,1.32588242,2.10000000,2.10000000,0.54375000,6.99044764e-01,8.56095329e-02,2.37210536e+00,7.51986128e-06
900,1.42302495,1.36376478,2.13750000,2.13750000,0.55000000,2.58357674e-01,8.53611529e-02,2.43380427e+00,7.78526815e-06
925,1.46255342,1.40164713,2.18750000,2.18750000,0.55000000,6.99485183e-01,8.49104226e-02,2.46619606e+00,8.05067502e-06
950,1.50208189,1.43952949,2.23750000,2.23750000,0.55000000,2.58838564e-01,8.44228268e-02,2.45729399e+00,8.31608189e-06
975,1.54161036,1.47741184,2.27500000,2.27500000,0.54375000,7.00026631e-01,8.40135217e-02,2.43402171e+00,8.40455084e-06
1000,1.58113883,1.51529420,2.32500000,2.32500000,0.54375000,2.56071627e-01,8.37312937e-02,2.43004537e+00,8.75842667e-06
1025,1.62066730,1.55317655,2.38750000,2.38750000,0.53750000,7.00278640e-01,8.35848525e-02,2.39564896e+00,8.93536458e-06
1050,1.66019577,1.59105891,2.43750000,2.43750000,0.53750000,2.52501070e-01,8.35665986e-02,2.33303738e+00,9.20077145e-06
1075,1.69972424,1.62894126,2.48750000,2.48750000,0.53125000,7.00216770e-01,8.36713910e-02,2.25877762e+00,9.28924041e-06
1100,1.73925271,1.66682362,2.53750000,2.53750000,0.52500000,2.54995495e-01,8.39080215e-02,2.19464827e+00,9.55464727e-06
1125,1.77878118,1.70470597,2.60000000,2.60000000,0.51875000,6.99822307e-01,8.42993781e-02,2.17255330e+00,9.73158519e-06
1150,1.81830965,1.74258833,2.65000000,2.65000000,0.51250000,2.50531405e-01,8.48785788e-02,2.14968061e+00,9.90852310e-06
1175,1.85783813,1.78047068,2.70000000,2.70000000,0.51250000,6.98960781e-01,8.56859609e-02,2.12579322e+00,1.01739300e-05
1200,1.89736660,1.81835304,2.75000000,2.75000000,0.51250000,2.46985883e-01,8.67413431e-02,2.10532880e+00,1.04393368e-05
1225,1.93689507,1.85623539,2.78750000,2.78750000,0.50625000,6.97537422e-01,8.80045295e-02,2.07579422e+00,1.06162747e-05
1250,1.97642354,1.89411775,2.83750000,2.83750000,0.49375000,2.43964136e-01,8.93613696e-02,2.04890370e+00,1.08816816e-05
1275,2.01595201,1.93200010,2.88750000,2.88750000,0.31875000,6.95944190e-01,9.06433389e-02,2.03649116e+00,1.10586195e-05
1300,2.05548048,1.96988246,2.93750000,2.93750000,0.24375000,2.43094116e-01,9.16990936e-02,2.02822351e+00,1.13240264e-05
1325,2.09500895,2.00776481,2.97500000,2.97500000,0.20625000,6.94846392e-01,9.24890414e-02,2.04473829e+00,1.15009643e-05
1350,2.13453742,2.04564717,3.02500000,3.02500000,0.18750000,2.46930212e-01,9.30974782e-02,2.06647611e+00,1.16779022e-05
1375,2.17406589,2.08352952,3.07500000,3.07500000,0.17500000,6.94147408e-01,9.36537087e-02,2.09202099e+00,1.20317780e-05
1400,2.21359436,2.12141188,3.11250000,3.11250000,0.16875000,2.50590831e-01,9.42488089e-02,2.11376524e+00,1.22087160e-05
1425,2.25312283,2.15929423,3.16250000,3.16250000,0.17500000,6.93397999e-01,9.48930830e-02,2.12563682e+00,1.23856539e-05
1450,2.29265130,2.19717659,3.21250000,3.21250000,0.18125000,2.56570131e-01,9.55213755e-02,2.12925100e+00,1.25625918e-05
1475,2.33217977,2.23505894,3.26250000,3.26250000,0.19375000,6.92708969e-01,9.60501730e-02,2.13196540e+00,1.27395297e-05
1500,2.37170825,2.27294130,3.31250000,3.31250000,0.20000000,2.60094166e-01,9.64527875e-02,2.13756609e+00,1.30934055e-05
1525,2.41123672,2.31082365,3.36250000,3.36250000,0.21250000,6.92269266e-01,9.67889056e-02,2.14821696e+00,1.32703434e-05
1550,2.45076519,2.34870601,3.41250000,3.41250000,0.21875000,2.60445237e-01,9.71514210e-02,2.16774368e+00,1.36242193e-05
1575,2.49029366,2.38658836,3.46250000,3.46250000,0.23750000,6.91803157e-01,9.75611284e-02,2.18342471e+00,1.38011572e-05
1600,2.52982213,2.42447072,3.51250000,3.51250000,0.24375000,2.58400470e-01,9.79071707e-02,2.18267894e+00,1.39780951e-05
1625,2.56935060,2.46235307,3.57500000,3.57500000,0.25625000,6.91807389e-01,9.80219170e-02,2.17213583e+00,1.40665640e-05
1650,2.60887907,2.50023543,3.62500000,3.62500000,0.26250000,2.55668193e-01,9.78188664e-02,2.20192337e+00,1.43319709e-05
1675,2.64840754,2.53811778,3.67500000,3.67500000,0.27500000,6.92336202e-01,9.73393694e-02,2.26270795e+00,1.46858467e-05
1700,2.68793601,2.57600014,3.72500000,3.72500000,0.28125000,2.52260447e-01,9.66910124e-02,2.29575205e+00,1.48627846e-05
1725,2.72746448,2.61388249,3.77500000,3.77500000,0.28750000,6.92986310e-01,9.59739089e-02,2.30906868e+00,1.50397226e-05
1750,2.76699295,2.65176485,3.82500000,3.82500000,0.28750000,2.48477116e-01,9.50378701e-02,2.29851222e+00,1.52166605e-05
1775,2.80652142,2.68964720,3.87500000,3.87500000,0.29375000,6.93703294e-01,9.38934535e-02,2.25758815e+00,1.55705363e-05
1800,2.84604989,2.72752956,3.92500000,3.92500000,0.29375000,2.45439917e-01,9.26433653e-02,2.20213127e+00,1.57474742e-05
1825,2.88557836,2.76541191,3.97500000,3.97500000,0.30000000,6.94436252e-01,9.12557393e-02,2.15351987e+00,1.59244121e-05
1850,2.92510684,2.80329427,4.01250000,4.01250000,0.30000000,2.43167639e-01,8.97133797e-02,2.12643528e+00,1.61013500e-05
1875,2.96463531,2.84117662,4.06250000,4.06250000,0.30000000,6.95145607e-01,8.80245417e-02,2.09046078e+00,1.62782879e-05
1900,3.00416378,2.87905898,4.11250000,4.11250000,0.30000000,2.40640104e-01,8.62276554e-02,2.06584096e+00,1.64552259e-05
1925,3.04369225,2.91694133,4.16250000,4.16250000,0.28750000,6.95776105e-01,8.43879730e-02,2.06719708e+00,1.67206327e-05
1950,3.08322072,2.95482369,4.21250000,4.21250000,0.27500000,2.38263071e-01,8.25886950e-02,2.07817459e+00,1.68975706e-05
1975,3.12274919,2.99270604,4.26250000,4.26250000,0.23125000,6.96328819e-01,8.09184760e-02,2.09069681e+00,1.72514465e-05
2000,3.16227766,3.03058839,4.31250000,4.31250000,0.18125000,2.33383134e-01,7.94578940e-02,2.10446215e+00,1.74283844e-05
2025,3.20180613,3.06847075,4.35000000,4.35000000,0.16875000,6.96902156e-01,7.82676637e-02,2.11845422e+00,1.76053223e-05
2050,3.24133460,3.10635310,4.40000000,4.40000000,0.16875000,2.35772029e-01,7.73836002e-02,2.12332726e+00,1.77822602e-05
2075,3.28086307,3.14423546,4.45000000,4.45000000,0.18125000,6.97543621e-01,7.68240914e-02,2.11100650e+00,1.80476671e-05
2100,3.32039154,3.18211781,4.50000000,4.50000000,0.18750000,2.30908290e-01,7.66041726e-02,2.08289790e+00,1.82246050e-05
2125,3.35992001,3.22000017,4.53750000,4.53750000,0.19375000,6.97934628e-01,7.67347068e-02,2.06027675e+00,1.84015429e-05
2150,3.39944848,3.25788252,4.58750000,4.58750000,0.19375000,2.29970679e-01,7.71974996e-02,2.07520556e+00,1.85784808e-05
2175,3.43897696,3.29576488,4.62500000,4.62500000,0.19375000,6.97647512e-01,7.79252872e-02,2.09504938e+00,1.87554187e-05
2200,3.47850543,3.33364723,4.67500000,4.67500000,0.19375000,2.31738508e-01,7.88272694e-02,2.10953355e+00,1.90208256e-05
